{"cameraMode":{"drawMode":0,"name":"Shaded","section":"Shading Mode"},"sceneLighting":true,"audioPlay":false,"sceneViewState":{"showFog":true,"showMaterialUpdate":false,"showSkybox":true,"showFlares":true,"showImageEffects":true,"showParticleSystems":true},"in2DMode":false,"pivot":{"x":1.9936370849609376,"y":1.9350885152816773,"z":1.9295225143432618},"rotation":{"x":0.0014590505743399263,"y":0.9805877208709717,"z":0.006735817529261112,"w":-0.19624017179012299},"size":2.9769978523254396,"orthographic":false}